1,2,3,4,5
2,2,3,5,6
151qZ,qfZRJ,JhQuJ,ZFdDu,TmVmI
12345,qfZRE,JhQuJ,ZFdDu,TmVmI
JNrpl,HZdQX,wszdT,0N8Yh,GMekr
hKvGk,gEpra,282Xz,xc9qh,N1fGV
Hqc0l,yQM1A,Q5Tkt,yAgkJ,ZxNSp
xNm04,sZ7ZW,cvcrV,fyZJN,Ao2Eb
6ngie,it4SZ,PpeON,qfHzP,LTkQV
ZvqQJ,3x2ZG,v7VK6,J1h2W,WsBAu
NP1f2,QYiYJ,LIJeI,ppDBH,yO2iq
PpfrT,l5og3,jrQWO,kxP2c,W2ZW4
E2N4d,qmvWW,8spDI,Gt8wC,xxBEp
Uz8u6,SbEYb,9MVvg,Q6jru,ik6I3
v2ic7,3lJno,0Ibbm,Hmsta,4WJi9
sviVt,GKLtF,8pyQb,rze4K,fw7ZE
js7uz,BCOKf,Xy0u3,XXPuY,cOV4i
cse1Y,NHgF5,n0k6h,yXcuH,GuuKi
DKNBg,rqrJx,7Psrb,SFCkT,MMPbt
74RTS,Xsc1p,6AIg8,3wIPc,izhSY
SVfAu,5p8Fm,LKWc9,jVGoL,VoJ1x
CzwB0,VDYSZ,0JWqV,X5G5D,8R1nd
mB7wA,AuVP5,MlOQc,DMGVq,s9kA1
tyD1F,pnbLg,eHiad,npooZ,0Mdoj
eYF4x,hPTVt,aanJx,CT5Vk,jvVvI
HcaoF,e9RER,4kN9p,PKlHl,2OynY
Mrmrt,yWzBh,6zUKZ,TpYLn,DG3wR
y2DCA,wFpSX,hS1Ma,1Ybgg,LmxJX
T3QA1,U9J0F,i5Owy,3dUzX,USjTe
B4zUT,cpFAI,qLCfu,llHiC,3eQlV
zR6Ph,hmFTF,7HajQ,crUwK,0He7N
aBgf9,dqMKb,KQ4Kd,8uBu6,VCHeU
O1lvt,WKBKj,YRHJe,9EK9U,cWjny
Y7nwC,MgyXG,AplBH,BBLHL,Bf88Q
Q3HMb,KgjnT,TM26L,stOnx,C8hAL
GDJnp,w11f0,8eG68,OwZHX,ZCTcM
mEVnz,ijzNA,I2SIe,z6tHs,Lfuz3
46RFA,0vkSF,eAy0q,TDJ4P,CLEpC
83T1n,RFICX,JQTLE,J0D4g,CNCog
J6yo2,Jsew7,piZ6T,p0qxk,LFToN
0a4o4,lO4da,DrHzz,GHXvO,NpmVT
SmokT,23c2B,j4IKL,XapvW,ps9sD
6UXnJ,V0K3L,WUE1V,nLfoc,IWHiK
6zif9,ScsMw,orXfF,oLxMy,3vl4V
5g4Az,jxgil,V1NSI,hYQ5o,2U2u2
OgU8p,vwQTy,VVOg7,DBasP,tQR7O
5azEi,kRR3w,h7Jbb,VNynA,9t4S1
Dsty1,B7Qlx,teiCt,HhGb6,MJGaA
opJlQ,cwr83,GKVXk,GPrj3,1Fn5S
I1s5w,x7Ruf,LgsKw,tGOK6,p6uAf
1NlmV,1B7PM,HtX07,1vo4o,V7aut
F6BvW,m94JT,keCsI,pdvCP,3uPxl
5lXd9,dUaUJ,YpZJG,xAyhe,OyQSE
7FuKc,bKt2o,21Qsa,iC6mu,gLC9a
6vdFl,ApknU,uK25o,EpxVc,Ydh5R
UylIt,7CO5j,CKbaz,M34Cm,ciSP8
xF6Py,JF1Oo,VLssv,kQFfx,DN94y
6S7KW,OViIF,Uih49,kouaN,pPSiT
ONzY8,9nIWI,iP6vy,j9a9l,JRaqa
YV6xc,T2lo0,aMWlN,19bhO,04gJ1
1yAqJ,8Byo6,Y9O7b,uoIEh,2zbmW
ug0Xo,pbvRP,DEy9z,quF5o,30l30
4mVNj,7xTaJ,HGLxF,8OT3G,nESHo
P8yKs,1h7A3,tCqC5,xTENm,17Ijh
1WLvm,TjcYX,Iyh8W,8MBsG,bt3z4
ljwmr,PEBnC,mGbBg,g9C2l,CYbjW
CN51x,9SsJh,I5AGG,8SPsF,Xqb02
CCfH7,YHGL4,xWAyp,eps2Z,PPICg
tdKZT,JM6sP,mVsUK,7ITAv,YqwfB
icukh,UzPw0,JK35O,OPfiF,rQjeJ
oxURt,GLBBN,kzUSa,zcYuJ,ueTlo
JKGkm,LOLi7,XO9yK,MIwWI,HEGkQ
0MVEE,cGIzT,Boq5S,bS7Xw,pVIF9
89Sjd,TW3q3,3gUFU,khGLr,y8L8l
exRHA,JjW5n,5ifDl,MLWTp,iPPVl
5lEkm,TxQ2P,vmtk8,996Yp,Qo2jh
5ZRf5,kpDte,axHgs,ScXfv,jWMRq
K0vzu,V3NUD,O9x7n,96hSy,2KKvV
G3DXg,8nMkw,Faw8P,9xIcH,d5Xuj
bCoHO,gIpOY,7jDSj,twf19,8Nesv
Jlplx,3lKoM,MhAon,8AEWv,nM7G8
6CzT9,S1bd5,aSYR2,ibzq0,lKw16
LB51S,IfZVh,TnAIv,qeQyy,zQDVj
Z8hwQ,YQ8G5,2EmtJ,NuQTF,EoGUm
4RGbs,GAnku,rP85p,nVB2v,4BXn4
t1ytr,qs0aG,g9tle,P5dQ7,HeIE4
ZLiZR,RbMwL,nryoY,9Kzad,AxQZq
MLd2q,gbkoK,cBOFA,55UWN,ULpR7
GCEPu,anmbl,M1uk2,Ww08g,ITAev
qqHHP,qIvc5,bp9ml,tUNzD,LHo7s
i5syP,1M7AI,kQfFc,18AQK,phX4z
wK0uk,zxMaR,dpKwS,bb8Gg,0xMbU
ca3pJ,mmUih,wngMl,hTF6F,TRGTT
s14SV,mzWQ1,xC9hL,bwb3C,0r2wI
QNqEH,15sup,ITNcU,4XVCS,nBOxa
8Q6ti,lejPl,G2y8B,4cqAN,QG6se
MkkSo,zaNd6,CkS97,HiMrU,8ww7E
BFPOz,QmLCl,otxnK,lVqmY,3fn0v
UCXTI,3JZkD,5enEu,0Or8U,AVZSU
LA6J9,6uswZ,K5IAq,TKYjX,ia17r
Vuscc,CnYMv,3UteD,Mbtpf,Dt5Sa
f9ty0,UJ789,FVFlb,pJZcn,2MFfz
RZqCf,dmkMR,cRHKh,FfyVY,sasP9
kVVJU,T7YqW,tlhwt,0t497,wpemu
vfz0c,QeJgz,x3Jj8,KqHP4,NT4L1
GwjfP,XLLw7,jBwJ3,MombV,A2XSv
ghFC1,08pbL,gCK4J,OGfdL,T2Yaw
f9VTQ,t2qqS,FOSPH,e0J8G,eevPZ
jd7oS,yPIsp,BDahE,0UXLQ,PJsCC
iPCP3,2XneK,ziVAe,m7V2V,7WjF7
3ivQW,WgOiF,NPilg,nXcMV,9sNga
E0nL9,rllB2,jjXMK,KESwK,Lwpbi
2F5Rt,6jzv2,kSZ5C,xFyGW,kmV7l
ZU4nT,CuSO6,1XFZp,T2Z0B,JPmmy
SbfzO,80WLV,8g42L,2V5Q5,FiV5E
uyJE5,PDSKH,Wffdb,nDM74,A3S1b
30wZh,awKZR,Rj9qj,ChTxP,BdGpu
SJtVr,3zhYk,TV6Ws,S2bn7,YYJFI
ov6GV,IfCBw,MSWcN,0wVBM,7lLUK
z3hJs,tLCFx,jcRTC,SISFd,ZKg3B
IWoeB,mgyV4,xRWAX,zPKH4,5xzX1
ChdQr,L5sEY,pkmcX,HLfE7,UHND8
FEdxJ,FAIB2,ugVjP,lKF1b,AwBlS
XMpRs,R5GcT,8UIZ9,xGI7r,xaTKA
crHpy,P2jr5,GWhpW,40Zeu,Oqnfb
ggv2M,7m4QH,PyRLv,iQwdY,7cMCK
CHIm9,Cbx7O,GPvUb,5dTNJ,y3Pf6
kW6Id,8Qgmn,YAdtQ,WxoHc,tIz1K
KckBJ,8HDZY,7xBwq,Unzhg,Vdy5K
GCIuQ,9kCan,dqaNZ,hJxiS,tu8oF
ignd5,LW6jC,VoMYC,7IsMC,XQapm
ecf3w,WSPsb,vrp5y,bJnqe,FEd0E
5K261,o6dp8,efpDH,CZ1hx,hPLtL
4ZhDl,rHEsR,zBqn4,3xb5H,CUrtJ
3Iyli,vq4D1,LFsOk,ik4ct,sbXN1
02QYK,AUYMo,2KEHn,DYEsx,1IoUX
Wx2DD,ytX8C,S4VLw,h31ut,MN6Nb
RirOO,8V3Cr,8AcS7,OuuHB,0qCfw
Bxrq8,oPpqi,iF9rz,ID19H,LehVe
PcPbu,vuVkh,QyiGU,zjtkr,45h7K
lLBOT,McZNe,PgfZK,qqm1l,hPsg6
52r6I,2Kfaj,rmPc4,aOij1,9Vja8
KS6vO,dF5Qx,fhtek,X3A7P,fFX58
zeQw0,5kHmT,JqBNa,NE9lX,wwL8d
BlerY,rvSoo,MtYkN,ENVut,6U4eY
qm1nR,qCAWv,kmr7v,fe15i,NrC6O
AnJAk,vij3o,uQNrY,rjr30,ueRqX
goIBA,q3SUS,cGPu4,sZOvt,x2fbO
IGZTS,iSqJS,QYnYh,7l4xb,9FF0F
wK3aX,58LxC,iIKVo,P1WhG,WF3HA
HH4lc,Wqxdk,pShvF,4TSrq,xzWVk
vWGjf,uoBUx,tFiXx,L9IVF,qEZEE
qri9w,hCeEz,kpgd8,i2aZq,ilRn9
py6ux,Yu5Yj,gW1vJ,FRam1,riN4n
NeQeD,UWR8M,8f8M2,HwKIH,pROFB
rGvYx,3eGeY,rfKZ6,LBX0M,FYWsu
SewVq,UJLEL,YZfoJ,HWUNo,e9hSA
NPt67,pTONh,8hti6,dEnfi,mAQVx
bnJn3,vXrJL,7GTaf,55vqX,4L5LR
fVHI9,dU9B8,5GtIC,Tc12b,PBHJC
tmwxu,lMaeY,8Anyk,GLv38,1oQFl
4mYBa,vgxFV,VewpI,ilA4x,7ysYJ
jTMkS,8uUX4,kfPOT,rJoHd,w506E
FnkvV,qfnWB,BUkYY,NssX7,kqRwl
TN65q,9hgzT,wGBVM,1rxJ9,jj59T
iM7lo,lnkJe,0q6tr,yQ9st,6mmBp
Nfiai,q4p7m,b7MEy,OLRBG,iPTkY
gH75o,T4YlL,bQiPk,slWBW,0YfgW
1MdZ1,VfjPf,SIOIQ,jK0Ig,a95jv
KWb8v,n2BzZ,Arg6c,oWnNr,rOFDZ
ecgNi,8S8mY,o4p4p,P4oii,IMrns
7SpH7,mqHMM,l3KQE,YtgOE,0KjOE
dWP7e,fr9c2,1NotH,dcXxu,F1nko
kGJ7i,kmCgI,HChnf,1bxFd,7qcPA
Xa8Cz,6G4DI,DDgTf,OH8WX,gF3JN
qbfLp,WlBqJ,NwQXS,NvKoa,J6D8I
F6SNL,eCBPT,g18Kd,LWtDk,mGxzv
6jnTF,YAesZ,4X03G,hd1Si,9ok8B
OXd8n,yc4kB,8rtng,ajfBy,VRgu0
3QxOk,3yNpI,Zardl,5oTER,SAZFL
2KsJG,lM8cU,FMF86,D2hPE,D82zU
QzSWy,gWFd8,vi0XW,TusS8,VvRi5
VirQA,Pe5o4,2nQU4,ceKdd,VCKlr
BiDZu,KG8PG,goWqo,CQEHE,EODMS
dWFgp,JoABl,hde4y,lQHez,JRMI2
b66Ek,nBDT9,1SYSl,Jjcja,KFA9r
6vrfP,wkGZr,BXaj2,YKB6j,nCFb7
RdV98,XT9De,3KOfM,J6QXE,caTil
bOtlL,k3mmM,5RlA3,Wtw1p,PcgIc
vtP50,MbLE0,17CBL,V4ats,gZjrK
5IrS7,jYGdc,DYFPf,dXxTU,ziKTW
4HS0n,XiEVN,ST66I,cR3TA,p1cBK
MqcYa,ZaVss,ESGkD,4mhIU,INBTi
YzxCG,qHSye,fdoB9,v1QNh,h9oup
zWHE2,Uz3st,9crrD,wTFeL,itGXn
SMFvU,DiDst,xuoJY,JDGuy,hwsQ4
Fsg0c,c5p5J,2qO43,keiJk,EAmE1
xbKTW,Isusq,RkUqY,gJShM,sYk4C
0KAeg,fzroN,RUeuB,hNBjd,ZHIkm
EP6mB,ht1mg,x9azl,wJQAr,qTrXx
F6eZ3,QXnJV,eQbEz,TkBjZ,RX6x3
wvrJg,cBRRV,X81uh,ucUTn,efwMX
dXGSP,99EjJ,pIkUn,7MAOP,1h7zj
hjoWx,UvfIM,AhlYL,FXPxz,MZ1E7
7R1TU,Zn3Qg,EtpZR,KGpbv,nqsWO
pjngA,nppHD,N74wE,3b7MD,Ngqt5
YLrtV,8JfKL,wK5pe,SA6IY,hbm1m
bLu6v,6UsvM,qNnE0,T5yP7,FWMgL
xeXrF,1YNFw,WitIL,fmqkg,RgJSO
SHIIm,8s1bP,awAnM,Fx4mM,WFQua
Fy0L6,J3fVd,8vG6K,Rx9nz,Ks3UN
5B1Fo,MsSWg,QFkSj,fFX7p,OgJ8G
1d344,2FTvo,X2dhZ,l8LBd,1ZQWM
naaaL,dP2mA,WFfyB,mjiJG,FRq90
IRoSX,Xq0et,h1ml7,4Dq6M,ctMPk
dUJL2,oANR1,DJYEa,E4nbE,Ab5k5
CMTMx,a6rke,o1LqY,0mfID,UnpaO
niiBh,JoTNE,i913T,1NaXJ,g7OuJ
aKyhU,P2xd2,WAYGL,YzpS0,VjKxn
u8k2n,XcMdB,Nv1jH,Zqm2k,YdWWN
LW1zt,6ZSLZ,vNLSw,DpPxU,uxIKg
oJmFe,tB3LY,tLjlT,qnaCP,iDUS8
DLeNw,wOLeM,VvkES,NZG4h,9YW58
iySWX,r15w8,vxRiv,KRYGG,yBLkO
YBcNK,1bTYk,LQuEZ,3Wvgp,xOcqA
rduij,Uip3p,W3yic,70lLk,TSumO
pND7D,y6y5Y,3B8fH,siqCq,SFzAg
4F6rc,Id7LB,He5tU,6W3U8,Qbg4M
Uk5D8,6Ttgr,vzpti,IQpxZ,qQ9yu
mBvWD,q24Lg,8yazh,spSLm,DUZDU
dKCT5,sBFyD,xbqz0,d35uJ,JzAZy
gYk0v,wtz0O,tKHKw,BTMKu,477Bg
awQSZ,WWDpr,cKYww,cvCbw,MSrW3
MQv5U,TbyHr,4mDhx,ltdzs,rSHxG
kuxQc,X9vi8,oKei5,u6Qzl,woX8x
htlki,nbS3v,oXVzs,g1geM,7AnNj
mAQwX,b5QKK,oNLsx,QDD4z,H33XU
HC3KB,kGWCf,FGF0N,qK4sD,qkuvg
3ylkU,1vnkB,haxGL,4sqhs,SxvX8
Of6FQ,Tj19S,XorcS,RCTI5,7xzEw
VKWAL,eey8x,xL1ae,3Xkag,IbXw2
lZZpV,O5tqa,V3C8z,mjCon,p1ZNs
mg4qM,MNuiM,KCidY,uDG8w,SFHoH
wG4ha,HZNuY,pzvKD,7gqLm,vGCl9
DhhiQ,nmx55,bnOdb,FZOHx,gYhWf
RGX26,HvYeF,skVmp,ifVFz,zfeKc
zM8T6,QYiEl,nZ6Oh,awfBW,GCivN
yoLNd,TqVTD,97lgN,gcWF7,dAJNU
vTPZN,4Fdcf,qK8en,36Lf4,uYoH8
hRzC4,Aa15D,kGveE,Xuvi0,F3ntm
qAKvQ,2YUvj,gglQ9,76GcQ,4VFG3
kSbxr,c3MXn,YGjAI,DsFey,xbKGS
QVjrA,xwZYu,dTIjl,KCizN,s6Kii
UYvT7,Nx8lw,IZfV5,nXHSA,sLcTj
OpVdO,RJo6A,TIBlH,mjwCW,m5ybE
3NntL,k6d2b,xo52o,9C0Ux,3OMRD
gN1AV,moc4R,sW4u8,BmhW5,vi9eK
9yjuX,Q55M2,4xFGD,11Y8c,nuf3r
9kyl8,WUUZv,9aajl,cvCaO,qPX0o
dUh3V,M4yQK,noF6h,rTnjt,J9ISO
LibrT,sBU0c,qIs6n,PKHtS,aWd2w
MCUdi,WlRtd,NA6Xh,8xvx1,FDU5O
eRtqz,twtOw,5cUwN,qHoDi,EFvZx
CWlhD,dWINk,WH8iK,J0UZD,J0sSU
sQcNH,fpc6k,nUljv,0nskI,5gdge
Mivb6,7dPbd,rfCHv,xIw7k,kJhcP
WSjdM,HccbD,xeKes,Ouh5u,xipHZ
rXnv7,sM99g,bnQ5r,0Lvso,h0mpt
HmXgV,x4EPr,ipZok,RUrlt,wHNxJ
dhWDO,LSApD,0WzSB,SsGmQ,Zsfqz
GYk8d,0bDXp,jOpJt,xvYaV,cBXDJ
BfXua,Q9tby,k02ZL,paB5r,8xltO
I9LhU,o016n,f3OPN,VM19U,rB1Wd
iPHBP,w1yoU,YTGao,hBeer,rBudc
yaz4r,2UkaS,GonYP,vdz34,IoOk0
1u0iY,0smke,0p8PE,AIhnC,gjbta
6xkYB,kpdwm,Quzd6,x0kCN,wZf8V
YhP8H,8rMCG,Er2GC,z2oZe,6ppcI
9wzXs,QeQ3f,8WGR4,YQ5QC,nhaKn
6MpRt,PKmB8,EFlzf,9GZos,pArC5
089W3,gGbu3,fhBwR,0SVWs,WHAVp
tlIOG,Isxjm,ock9C,nivZX,4Dmk4
C6QZE,lghlk,Xzt07,9LipP,9xYBL
P2iqS,9pIbJ,u60iH,meNfp,Tbnbb
jiKfp,Wbswm,vuAyl,1fT1c,hsO2b
03fYx,OGryg,n7Cc6,PoC4O,MuDlw
TAwER,P6WEC,xq7RP,KmXBI,mvZlh
LRy93,sAF7m,ix7RP,K8HfA,UH3qx
Nf4oJ,81tU9,MkHXn,4mgZK,jaaMw
ohyke,Kt42D,79PQ1,5wt72,OhmRA
n6te6,jFnMm,zjpsN,vFrlz,X8cVJ
mDpy1,7Zbvd,cUHQk,E22VU,W5QmL
mtofI,toaaq,Mozug,etGtu,hDuoB
kv4vf,gO2Pk,Qs6la,S6nox,OOzGM
YF4MD,026ug,Shtlu,dGQM6,C6Vmr
iCRr0,OVRkB,XlY1G,9sCaF,jsxvk
vemqr,lmbVH,muDdg,Y0gux,bJBLw
BKkzO,8Mu8f,Zh49Q,TMHZz,BYSWh
ydbmx,IfbAd,oyGyc,sY4NH,t4ssB
UpkGL,hokyV,xZPLF,BFV7v,N9hrr
RjExE,hDy9n,tCrVK,T1DWD,iMQrj
mmV8G,GgDDh,QyGew,gVKz1,FgM5J
w9L08,21RyX,XXRKi,XXAYj,bYkJ3
2Sdlm,mgdBd,z9qCF,rEz1x,4fxWZ
Et5YQ,oGvjq,loorB,bE54T,QLA3x
NcW5c,LU6Nk,jQEvK,dHHxz,iAuh2
XUSOL,uayLj,Ku4Cn,NoiXg,F8Wl2
XIoQj,L6LGZ,VUquN,NwBP3,MLi5g
Sonz8,sEei4,vO2UI,bmMLc,bIedR
fcWgA,vEf9A,td9jX,2ImEU,3ZKS8
AA34Z,E10HO,LL65O,rZvx6,BsWeZ
Y2im1,QKySb,a9V4P,DBZwX,InIx9
FXLHB,4iy6x,Ka8DJ,3lFcL,jDUeh
FNIxV,4Yv9V,Uc80O,19DRK,eQRyi
LZXvZ,qeWSz,266in,Gfdkr,PCH4v
wqX2K,x5nTm,nyXMV,OizVP,FmXzl
rVIZ7,wwUin,H0EKg,kAqsK,vFNXM
a82b1,L0XSM,HEyD2,NBMMw,4SCAG
x4Z0B,tFWZe,8cZjR,cKX6o,R7SIz
9SFk3,NtfUd,DQcVl,BVIiw,MEtMy
TD9W1,0416K,B6F4y,4mfMi,X3GvP
UXxQS,bdCgb,0gYXF,m4u6o,HcwcX
xVt49,gUQex,O6QsO,TNgIf,yMQwP
ZrUAK,NgyE7,i5P4H,cvTym,G8nLf
Rd0iv,YukyH,9R6I3,bEODj,lcnrY
2l8iQ,tK7HP,kt18n,dDTyP,p3WcS
ON3v4,W2YFi,37wnO,pYeCJ,ZHDv8
MMvTB,zqjcP,0Feo1,clfSe,QjmWr
7wfhU,gFddS,WmcCp,OZWrB,GglQX
h2fE1,RlxY2,4eqGB,ETPPZ,AzTND
EB5Oy,GlrcV,Rk9X6,DMLwv,eWfgp
7Le7v,lFIRJ,zdseO,TjbfE,X26wy
YFyjr,T6Ygp,3L8x4,qkCEA,vXdQY
2mG9w,DJLVY,o6ILf,6J3kw,XUDWe
n6Xry,vYt6p,HMi2R,kPiqT,DVe07
AJf0S,gUpjN,mkvC9,ZSWWM,eLe4F
ID0w9,cO1g1,CpeEo,Elj3Q,QdsKD
3g45R,jl1jF,Hgr8s,lFwyl,gLPqv
3UEOJ,Loeoz,9WkrQ,2ihUD,al3In
0bjFY,Zd2KB,c8EQE,QM8La,SIZ9s
McttS,NpJSP,LfWHi,dNAPz,8GcVO
2bCsI,HmKnO,t9ql1,PHdBD,Xhwbm
2LFNe,dPAsG,4FqH9,cHSsm,oXsZf
1Pj1j,fndxK,yfEzn,wlDeg,i7rxe
3GFiB,kHVcP,Zc4G1,gc1Nc,xMCuv
j1PBv,4QWNh,bNvwF,G5lvT,8a9Zp
awshV,RIDpq,SRSAb,fp6RN,s5UqA
nyuC9,pWltm,fhoT2,P7nZY,ijemZ
lC2xB,AfEJT,okGxJ,sRIiV,eVeYo
ysRgq,s1rIn,iBcsr,yImlq,jnCvk
c2772,pIZ9v,nQP3W,HmyOS,kHYUO
bFPDr,fRy4R,BbwDl,D05bD,p00BM
AV384,6TUxz,FLDiE,hCIif,KSBJy
jwL5w,BBpU1,zXO6i,RyWf4,p54Mh
fkg3i,uNOSa,A4ZyA,pMHty,cwibA
PLkJw,fzYP8,ac3Zl,jVm5K,yYGLp
7V5La,VpbJj,1jALp,7EU3j,J90Iz
1aV6k,uS0fn,CTWob,0ivPC,reb5H
oWoBi,CzHVb,Mg8Zl,RYZJ0,WLJQE
SZSwb,P8Dnd,KR87J,Jyhv0,1QOJO
hoXWJ,CraYB,z8DpQ,4YIwK,5niC9
KI0vP,ocqOY,T18lB,fuzZn,MLmnX
czPuw,D7Kw5,WFv0a,Q16Os,jlrkX
S2s27,7KKPk,n3UDT,1PG7q,ipSpz
9fdKz,wCJ4N,XvDo2,fo32P,mCB4Q
edzM7,3AXv3,UWQHv,NXXvk,b1oHR
PA5xA,KuBO7,7VTAl,PUWuM,0qB34
kefYc,EbKA7,AZKZg,vQ5Gt,vgqtE
vCqMV,uKMJe,6eevN,BMz8S,99cJG
d7Aws,4Uqpr,jvukM,xLQip,fxCVS
kkrb3,QE9aQ,lY8Lm,kTcF9,rbUd3
5JsBs,ApfwI,8YAbZ,3jZ1q,scjps
H0xhW,lzkNf,SREii,ptqtp,xHWzy
BE2rE,0nW0z,O3tcI,7zAx4,utrmn
PQKrb,eh41R,hOM4B,UutDQ,nAB1p
hkETO,habQE,sbfM0,H8hK9,1ezE3
gyqr9,HLHP1,HtjMj,gg2xa,IVInT
hr3GF,eI5qA,rDvqx,KZvU2,xWzw5
fiNoY,RI9zC,ZKKWl,7L1h6,4qbFl
y023L,Ebxbo,6AxoV,AO9XC,SCkIY
ghsXc,DRWxO,ygPB9,37331,4HXAo
bzp8t,eovR0,Kosal,BPWwe,s6uRQ
ISXf8,ezIeF,xqXar,04eB3,sfVpx
v8Pa6,G4IaL,oxOwy,IymS9,Fzu6f
9IKfc,GnIUr,RALIJ,bi0QG,Fxrk5
GauSz,mpxxz,x5LNG,KAI7J,uFr68
Qyd4Q,ReeSk,WT3hp,INoWx,amCNv
JXpGV,gq6yS,OPSDd,uTXZ2,NrjTL
UmFAe,9H8LX,yi8EL,v6UhM,rpfKm
gOjPb,YX9Rf,FNpig,NVk23,5DfMz
MCcA7,9uWz1,CFRZL,yOSUp,hhyvj
cBPiQ,v0DD6,MutML,qbgnb,Xanch
FrcMg,2opVe,uvf6N,HITUj,zatQq
XD5QK,dA1x9,Vymf0,5ruhg,6WnEd
AmXqh,VGoD5,2U9wU,tYSwO,HCIm4
2JKI4,LCxUj,zkUtP,Z4SVX,194gQ
HxqhA,K4LSM,77FyO,nRNX9,27Tzr
t0rmW,0vJGy,5HCPU,rXktD,utqXI
26K74,QF20i,fcLuF,c4Gd5,e9thv
IABzi,LKfmw,dwgWY,BL46X,nfHcp
ZqzQo,P33lO,XBFzM,ui69z,lY1X7
IHFfo,QRsnO,2hCPQ,DDl1x,bZxmm
CqfyI,JkSeh,hQXGT,HsTCE,bkNfu
kkLUU,Ewnuw,2AOMu,MQ6Yr,6cais
DdrDn,Collg,pxWlh,idTLv,0KehW
sYqvf,lRYZV,WGQsd,C9HEq,gxtXG
SFH8I,zspv4,5NMD8,bSnB2,PYsCY
9HOm4,XXD8l,os4Vy,ZGeWZ,AaOGQ
0PbLD,3m5ZB,VyQJf,HVWB6,vrxxQ
qAGbq,Ozo6h,cqUlc,BhkKA,fOOyM
UnInb,dueCB,ebHLP,G64ko,Cc7aR
i49kA,RhYef,CC1BM,NZJSM,XlLNm
hXYL7,jqwxw,ffB7O,6myEr,m4Afa
BDxJF,V1RG8,LnZpf,DsIcI,PFuLX
Of7Yk,rC0ke,ftOcx,UDTTc,bBBJ5
mluNn,S82SU,Gj84N,dGG22,GRXwi
ZH6JI,SD5Zz,efjWV,s61wC,iGUf5
wnoAH,cd5Vl,6Na6l,dgt2d,I4WJ4
Gmefg,6tVSv,KlV50,uk0ol,HedL6
uiYOx,ElPCU,kAwRx,D570w,XuXjW
QqNU9,0z1Fu,iNFwJ,J595r,HFihF
8zQQb,Q0aj3,ZMq6J,XnINs,dJ0u1
fyZgy,p73yX,8Oeaz,k83Y3,I9hY8
2ZTCv,Y7uTN,1768I,SW2Aa,ZgEf0
29NgP,rSkH9,ppPHr,PUMxa,XOJ9v
QVRsh,AuSw5,xNzqK,pmw9t,uhBeE
6uNR3,fjisU,vIOKx,xindv,TNZs6
uQtND,83Q0l,U1iiH,OkrsJ,1BZ72
C9DW9,bVOWO,KD85k,ZFXxN,H6qSa
F2WcK,lLVgw,8R0n1,Nq5U4,gGh2Q
x6D0C,6eLpm,4bCGS,EEqcn,lEZPy
JaBbB,oZRpY,SVjeE,o5H2G,i2Sl4
ABm7F,q0zly,F73Sg,TI8Lk,j4GXK
C3XBq,mpRks,2uTYe,17HTI,GuTHG
YuP1D,qZHeh,5tdR9,o1xTY,MUp2q
1maMY,fjIRx,E3ErF,xtR7r,QVIly
p2qsY,02oEE,JLCJw,txmEt,Ljnh1
RXjRq,vKrUf,vOR7T,E6icS,VShKd
HuxHj,yDNw7,xaRrf,TTOFU,UL9dA
Rxbsu,utP4M,471k1,hnagA,PgAzB
WatLy,HJyd0,XgCuB,L5ASF,ZJXMI
llcFo,aCqOJ,strUV,jxq4n,djvmE
o6c8o,gwNv2,3j09y,MpCNE,ZYjbf
HH1LG,28dy8,2lz7e,jQOel,YyHAM
M87IA,pLm5r,QhVwb,lZpLj,Tb7kU
YohO3,08Q3X,0ydK1,R9cNr,6AF7P
DPi0B,n5pRI,lZuTZ,UEB2C,91QVQ
WoHay,2ZAvz,jAfKH,SsEER,VltLB
lfBqf,8UNAP,w4gx9,dXnhF,l7JRe
GyCyH,zlQU0,VSmAr,tJlsS,DQoJ5
McAjW,Fea2U,q5dTW,ofuUw,mHqkk
FZ20s,MsxMo,J5I9x,8ssHv,fqKvj
LXD2G,sbkKP,821XM,uyeQN,bz8vD
IBQmT,aXyto,HglrQ,zJFdt,bYn8k
Tp9qA,46YkA,jBZPr,vhz5f,qpZDl
T4ful,3FtKJ,E5Ncx,n2Hlt,tIyUo
IDBY0,7goHX,hqYjj,ggRQR,jSgd7
4Lf3e,pGOxp,FoJWv,hI8w4,kHPAq
azSZ2,Jjfm9,oeQYQ,xhlDg,2GdKy
eavvY,b6KIq,SXrUD,vd69S,reBE3
GmajH,SBN2J,BzDoc,a9ZwN,1yLBr
3H0h5,HUA6X,Vjvs5,G3UJU,0QBsF
JaeHN,s22BR,0IbIn,yMwn4,0nGRA
dYFvH,Ibufq,KIWhP,fjJQj,0JVpX
NPjt2,lutnx,0Ow7z,8Eodq,211e1
GMHYA,Tt4jL,iP0zp,vKG2A,0O0NE
7nUjj,YtL3Y,dLkNv,LV8uQ,yB8Ig
Zyh3g,rKYdL,lqxew,LyNle,zKgZG
mrDzb,V2c7V,qYZau,3rxmp,Gfuxc
6kIM7,o96Th,Qz4pd,czeJr,m7jqz
CjTm8,MIUds,yMx7V,xcTIx,qRKQw
Kzyna,t5iKb,6fbw3,44BIY,XX9r9
84PLT,ZKH0c,iyanL,NDkKZ,HDMyb
xjluk,gZYfs,O6k9Y,PrWY7,8pZQq
DOMPt,2PYeK,R6kwm,4RrB5,0xhhu
Ben1S,GewU2,u4w6E,LXPOb,q44T3
Molbd,esv5j,PiXaT,8Q85A,MosZI
SXy2r,VcIR6,qjGDX,iri50,ygYHW
UqnKQ,zrzCi,x6NTJ,YxkPB,zU3sT
MyHqI,PLw41,zYR74,dFrFF,yh8hj
iQ0pq,blphk,9sqFS,eBmwh,7UbQo
Po5p7,IBwVh,6VBPK,ahmmR,UYOTz
8hogc,uyqmE,Rf7oD,tZOH1,YM6go
JQKU0,tQpqy,dA1Pn,f8JqU,wENIx
53q9s,8ONRR,wvnRz,FuLbj,w6sXF
TbA7x,OUO3V,vm0Xd,HtAkj,238pC
yYkVt,UYuAs,5CWwx,wuk51,ceJMW
DLXXn,021Wf,RI7HJ,TKx5v,k8WT3
vvPpB,xCciz,aUt7p,KnUUj,azZc9
BKwon,1p37L,j1T7d,3h2pM,Oi1mh
MQEe8,Ewu3C,AqXMx,HInZ7,MJSCD
ANzf9,QSexz,BBZot,jUvhT,hhwaj
iyoxk,t9cU8,M6JbE,rH183,ecGSf
I1yhH,B5s5P,Aov0s,KBxUy,bXmuG
on6Wm,isJHl,RXs5D,biZJF,LiZii
DpPw7,h5kCn,ihaud,cPFKS,zhULT
SB80q,9NK9i,tQGmi,LoV9f,E5xs8
R76IQ,EA3dF,MZmeB,5S5nB,iVCuw
bZ54i,k1Yr4,D0FMG,kNi58,EX4xr
pPliP,kgGOa,XmBBi,PLGY9,XlDAt
LZIl2,92A6U,gdBj2,z6flm,PMgOY
5iCOs,yAbqi,ZKHAz,Nsy8X,JaDvT
Z3J3i,y1dPG,nQBNm,RQaSx,qWLna
qzlfV,JnPNd,kLWUB,hZfPL,wFP1v
rB0PW,cxSbQ,YxNMQ,0wmql,NBpkp
4IdsV,sMMXi,iCxVu,8lv9s,MIYZ2
YOlvf,62M2R,SFUpZ,aYTu7,TzpV7
xQ6a8,fsdjY,vVC9T,OhnOD,OtUO9
E7WXK,Q237i,GkrNb,opXmZ,2hyZv
xaqLb,3u9Yi,frk8x,mmj3G,Ed28l
fW8DY,baRG8,hTjoG,pjyUZ,uCTPx
o1kMs,iupLL,RrSQQ,9EMmn,E7BX5
RSl3V,By6bd,jcnyg,j9WQq,ewXFH
OOmAC,vZI3k,dHyGP,UtiH0,9ZmYK
OcAJw,tmisP,rNnjb,4LILf,V7L3q
qo9NK,5pis6,dSXt8,cR6he,ZompO
88uLw,sQwzH,6zRmP,T4zPr,w6Dbh
3mAXk,973XH,g6P6s,pXCec,pyleb
03Iky,O5g8H,lSGCN,VsPKN,YXQRr
QRPLh,egJro,6patG,1GDtC,GOUK1
pBQ4e,HPlBS,b0gzj,EzmvX,LLAiV
VVffQ,gGytd,XPueq,ChmRI,zfgfG
4Ja1y,TliaA,OUxPZ,vbxxI,lhvgR
nmyhy,QtI4N,qDLTn,VMtjX,tFl9p
YqK2n,h9IIu,pqBVi,bQXwz,0mmdX
lgxOJ,dl6K6,qI84W,qrmmC,Ze5Jy
AGRJK,xa6Gj,dlx8e,8iv7u,wuZdY
MpUPx,F6jqv,JOmeg,CSvFw,SenNP
fUKXr,xumov,OYn2b,mCBfe,MBqii
xhKIw,1es7h,ESt07,7xr2j,zCGUn
y7Mpe,Rt4x6,RoSeX,WLu0D,rEByn
7pspI,VFafu,KN8Bm,GchXF,Tvvu0
woi61,oDuSN,sutM7,oIWpI,73aP7
PnaR1,yS3Ti,Gx4e0,H2Elu,iiYaH
0kZ1F,2AB9l,4V33Q,EJXIY,wMDIm
q4t5U,4nFPJ,F60Vj,2uGfu,gvev9
sNBTT,QIhrI,Z2JXK,LhdQu,2frcf
Fb6yH,TtgGa,P38OE,Y0pf7,7bF9O
Kux4S,0Wafz,kZRKW,KshFu,zQ27M
ig1sR,8uQ2P,d58gk,VYThA,yEkM0
4O3js,EXXa8,cRqYj,TdEdO,vFZVh
rZcS8,bEbIQ,7uRZ1,XbYOW,bRp6d
1hhrn,hPKNS,mQ9MW,UlELa,KNnw9
gAxoL,rsb35,j7DX9,CqF6N,vaaZB
4nJNF,ZTYw4,Yz98u,Ubbl0,4HIAV
KrhWM,YQiU0,t7Zxh,JuXRy,ojqLY
1TDrR,rEW0b,ajSTI,UM4qC,YEinj
TjNMI,GDBuN,hlJQy,U7eij,GPYJy
qlRmI,PdA61,h8NDW,7x5UY,MqUgl
cD6k3,5bZ88,DqCtr,erK6W,fb30B
O4yAS,SOuiD,MT7OB,pzwLq,IZwj2
dvGg2,IWgYp,NlQBW,cbaHo,5Q4NS
GLySc,YNG00,XcrgR,SBVyh,rqhe5
yCFMj,ZFGSJ,viZVp,lfMrZ,UuaJh
91qno,1Bq1T,YS0jN,zD95C,Cu9KX
PHGYp,I4fir,Eg83f,nWbfC,Q3zMv
KLKma,wuCe0,bpyzs,weQZF,cWCqZ
DaLYm,jhGFW,xcE7O,gJRbV,zsxi1
pDdz3,Qg5wh,rMBnF,crvkR,K9Dsv
GUo9h,axe6g,s054p,Fpljd,6woon
sJ0NA,fThPi,RmUfR,kgGtl,lDJUN
Dp5E1,y5Qic,PayHx,w04pE,9loz4
sqi0x,wcPov,58Mlb,Fi3X0,kHzON
tFwkU,jVRJK,FNOns,ULXTo,s1EEX
TiJrU,QY4ho,RgOhm,472V4,TedcJ
R6dNP,YRihF,h1FbL,pBIa1,90QXK
PqDua,bDBaq,h9pYi,KxzzU,iYAbl
JtZUS,aUQMG,gSuNZ,2Np1Z,Egcgw
O5TUE,MTL92,FaFpF,VID9n,T9oXI
NRRv0,GWgLG,JbBxl,adNI7,l0qAE
hhVvX,OKbEa,i0atz,L2EIS,GgErZ
JSGkM,qDOvh,aC7pl,rQHHc,7WM8E
6MLUc,60ext,gUXc7,Fquxc,Fp6FW
hWlcS,ZgXDK,QPvHK,RbpZp,guS4g
S6q41,v9pv8,zgXGY,QxLJ5,kbDFP
EKAT6,Y5Ais,y3Xue,1gb4V,SzB1U
xgeoG,ve1NJ,hY0ut,tQKuD,oHCZM
pjhhv,4vnJL,RW75H,OmO6i,NtYgr
sHeh7,VDxWF,r19GX,STay3,Yo6DC
BzjaO,sL9qI,ZCPpO,gGBXb,siu1k
4bKBz,Rx9bA,lxs8j,m8JGm,15uGx
1fXAa,qtcry,lzOtc,aBHzY,lx2af
34k3t,MWuvw,JuySk,YFRFt,kQRrd
raBXj,BAzhZ,jLX9Q,qDvSB,fauCF
y9LdC,FXHfs,5Fgv3,MbMRS,73D4r
HHZaN,8oeZe,wvBsX,yCVSN,8XfSL
q8C4s,8l2O9,6CMjU,r3BhV,MSRe8
QejaH,nziPk,kCVzF,3w7vf,Cc24B
o1eiK,KNszn,1gPGN,7gXgX,gxdq8
pJ2Lj,1huNL,QMa8T,QmsZa,zhGW4
JkMV0,ZQAsS,pGE4a,wzpXL,L1HeF
iiLHz,ORgcA,CQVYF,E5SzO,qmm86
sxSWZ,dsl3k,yV3AX,HyMBz,VijB6
BVOR9,oVhTI,PteFL,BNpwx,xkzAx
yAfpm,lCs9m,mOYLE,pPgmk,g0Ltc
B3sIg,KBzIw,kvHF1,vPbql,IEOj5
93ckB,DMUiD,WoUQc,2JSyE,PSGMl
MAcMN,D7cQ7,OPYhF,KqTu7,Kyde5
qHTZM,yZjtM,poX6B,oRZu8,R8jjN
wLgSg,MwkRI,aQdU6,IwZdc,WMn88
FBEZu,Ni2lS,zWw5Y,504uR,4SAvO
e81NG,5av19,8FUS5,DyITF,HzoLg
W2axS,oRSr9,Z7GWh,V6cIn,ikI8N
vgDEU,ZvzA3,2Hpn4,11iWY,SQB38
vmhPm,Pl7Pl,M0iC3,ydkCe,L2ze1
wMFOr,XUr4G,sC6hQ,lyerg,UyeZw
Zx7B5,TtygO,qWhfv,JXyfY,7HE4s
8CM1y,H52xb,j5k9w,TDnSX,KsMPO
1cv6p,GCoTK,Z5BZl,XXKVE,faBm5
htel7,9LfQT,4kfeg,6aTNA,3GGsj
LabQR,ULjDC,ihR8N,mjrTa,3Wxmh
Vdr3B,FhFdf,2frza,2jmec,3WjbP
RvphN,LpQYl,H7vpu,jdUQu,C2z9J
cPRyu,vQRym,kPLFr,OxGMQ,PrUMF
8Nr82,3rynZ,NZHWy,nHB7p,OL0wf
RxrAa,qSd1Q,Osn9I,dHqJS,1Kp3L
jwnvK,sTZ4Q,GTHgA,3NhYp,cBYQB
jPIF8,GzC12,Zicdg,vXCkL,rBGPq
Ph21X,Y6Qaj,IlgL0,hTqt2,sqBky
hJVFD,uqRn2,3V4EH,sxS7t,nsgZZ
Aeu70,lEnac,z9SoU,n6Z6Q,WaYUL
Yf5P7,z0rf4,1bsKH,BlyS2,f3uSi
cQAqT,bSvip,Mgztm,gzLnH,HMPdn
WVyKe,YUvmY,9O8cl,CxFbv,7ZXY2
8wmXc,I8SJm,wgpAW,IClCu,wAH84
OIgv4,lCi6n,u1i8j,5VjL1,kM5Ve
dzPK9,OkOOW,d5rBO,NQDH7,t5NT6
WE4HG,8ltGe,EeX90,XLD0K,B8hnQ
Pitzc,3b56H,RsE5m,8lPNJ,76gRZ
SLehR,2MGo1,WURao,MKZpi,uK38b
oIUaa,V4aH1,VPIDh,Rba3p,3F3qh
763Cq,bmFmw,9UNPO,RZZQi,OFl3x
qAiF5,xv5wW,Wjup3,qwBWB,DfuvP
T4OEP,vpog3,PN7Pv,qJMlJ,QXcz8
jzyc8,yJdHD,t8i7R,9pUFZ,72ydy
N1pJd,CmobC,vSO7o,q24TW,9N2Ew
oQN6Q,s90z1,kxqeh,91xWr,DSl2r
5oH8W,d2pEY,w9Ktj,TwHaD,NWAbM
G7R4T,S5xMz,4XSqV,RMR9A,wFFCV
HDJIX,JxuNq,QQY07,UmB9u,LFSX3
z5E7x,OrFNy,RVc6F,Q44fv,vtCHa
h8edE,nFAkQ,bLOJA,RTWXx,ymAiX
Z21Vi,4vYDI,2z04z,5Xbt5,r2nCe
ZL3do,yhgwK,xlW1q,ebZIi,ZFcni
6fOgv,M10yU,RMtdY,Lgdbq,SSRZj
T3rNG,VKmtB,7jpkh,AktrF,0rP42
UziQ0,h0oWx,tGPe2,u75bZ,ZUF4W
kTyaq,sVpIx,KDqZ8,P71GL,CGGes
5Cb1M,f8zZx,FI2bt,UzWe0,Z2GQg
iwwSn,8Ctdk,E0oZw,shgKq,CjCEJ
eaBy1,ZQi3u,DouMt,dWqgH,4nUy8
lPfqN,HVHuN,X9PzL,HaGQm,r6dfL
m8ymS,zcsX4,5yLcU,TL651,h6gjj
qFR4E,p0krR,DvRI3,jFBiO,xcH6i
fJXHR,OF68Q,s0bCT,ne5Q5,7vh7y
SvBkm,Fjmt4,VPRuc,fQKap,gKXtw
tSyUT,8nrlJ,s1VNb,fdawk,ONFOi
Zyx34,Wy9X5,9ECnj,qbxEr,lPOYC
laUdl,AB6vk,noHLO,OGjel,U0Fiz
vTDTO,dTR05,VhqYZ,4cwZQ,vcjou
ZQk1I,0t2wI,9w6ax,Yw24I,coNbo
r4b8G,VFFpf,irvhg,PTBQf,z0EIP
03Mun,XsQn8,FCmNn,gElop,3ctDK
HA1ah,t8sPH,2ANXh,jUHAv,Aoj6t
06pfG,5JHZY,ZT4Xb,zVCDF,g9tqE
Gh2tz,Ndpj5,6fGf9,HXKMw,RHlM7
Wu5Fw,SEF5y,Qyz8s,w2ntL,1lsru
mjaSZ,q3zbJ,u0HQM,0lWET,wFZDp
HMPuJ,i9692,qzwFl,GshCB,QO429
2hj5z,3W7Hk,8Yuav,tfnzm,SUHKv
x74mQ,ayzDK,Os91h,7YmSU,7viAl
ZQn9P,Qcykz,Kuoll,YaCAz,Py3S9
ebOl4,t7Ukf,Z5iZn,eWYHK,wLA3h
I6sOE,7SpK3,dl4eL,WQ8mq,6Ptn4
LGHZ5,mwl0E,n4UAP,yaQGj,JeYNM
CUZMs,P6WqG,KV2Dm,dnekW,LjNw5
v38ep,nWG2S,Gg7vA,Sg9qv,VofX7
AmPtH,EVinZ,Tb6PL,JMZno,LBN6Z
eIomb,TbZuX,7vcTz,sW1wE,ESVqX
FZJtU,ZUzNM,CrdgI,Aa7wf,h5ybl
OUzzp,4gfyH,NAzJg,7YnI6,px3Pr
Jb67y,DjecL,UnE3q,Ram3X,bHSao
JIums,kXJaf,QGBAD,1Cf6v,p0wmN
AJqBH,Cwyi5,HiRGx,TXUPO,hBsak
tk0f1,AptWk,SgX9j,mz5Vb,hWWKY
9QPNE,ij6u6,FTNQf,qkY7o,fFH2V
qgUgn,el8HA,gU7zy,2u8KV,DdYqx
K1F31,UK43u,ntwde,GDWgl,yZt3c
QTRcT,IZpQ9,aOyCZ,EeDDj,vmGON
Qehg5,yTqge,ao3mW,nKJKt,hMt2o
XmfdM,m6r2x,cej0f,NgSqi,obWo1
7OPCy,KgNe2,jjHKJ,Areel,elwId
wNv8L,wOB0r,0eqg2,FYjzO,DqEwC
iHIqJ,7yPik,nYRkP,0DmCi,imgsr
FUJKC,UOJ9B,pWvxg,eIBen,V0EqQ
MHOm3,KWj1H,6ay9H,pqg40,kvQWf
OjPz4,XqPyG,jYHTE,cmJ4h,jKioL
vgFNs,06bfG,dumO5,95Igk,7aCwo
PRGAL,Qdpuv,75MDa,kNxh3,XZr1a
7fEb3,p2J1l,HKBU0,26Kno,B1P7H
JpCg1,amW9P,7zYnD,Eq5KY,AtaoK
QIQBL,iWRNO,R5Mzt,RJRSF,OHjoO
72zzb,Xiwr1,dAcDE,2pRjq,btY8K
EGM2Q,ODE1q,lfjFS,qnOt1,glDrv
pFNPJ,ZYudN,0dvCI,dyg2o,MFWRm
9IU86,CVSkW,Xz3AC,3LiE7,ivba3
d8PuJ,lVMyZ,BvXhw,TVffV,AO9Re
BYvy3,xSuqE,zk5mW,RQLVD,U01QU
Q6ETv,AeY8u,GDS2a,7z2Ac,yRTT8
L43iF,1yiQv,4dOZg,JURf6,liFVE
F6TRx,H70as,tF6Kg,Pdyn0,Zu7VH
kclok,bEtnK,SlUC4,KWFaH,aiQB8
MrR4F,TIhLA,5lDSq,YYsun,Ovxtg
BZWQE,gwczV,QM1qq,iqy0O,tvec7
rhsGh,unPkK,9rx49,TnLxt,a1TCd
3kP0m,pRtJ0,Q35rg,zYkX3,rccdp
wbuAg,DyYf1,lqu2u,CoE1b,YhABy
9o1Pl,daIUY,uwUNA,LN6Ar,jRGuY
AGThX,7xCB9,2QKss,7Yk7v,at0Jr
uOkXp,m8G6O,4YDhL,rH0WE,Dx68Q
Mn076,SucZw,upSdA,R30Dp,I2Yrp
i4IaF,aa3ee,bDBLI,7rreW,1N5Xe
9eV0o,Npxte,cAvLI,AH62I,Fg5nz
S1X99,FV2W1,BGZic,9bN5Z,UWvdq
v0JXc,YsByt,DXupy,sIIEU,rNOH1
kwRIe,BBVP7,HUFyB,Vnc49,3biyQ
xzG7S,8pdug,rd9Xx,jgQPo,Ogrsl
Koo61,0YGeP,NagjX,VlkIy,IUkhC
X5mUU,CqTy3,nBqbr,I1Xs5,N0TDu
9FqQZ,X6uZ2,aDRQ5,nAbge,OYShR
yPry3,b7bMd,U3TKB,KHpGL,TLXLz
gXk3Y,jQSjS,o1xXc,8JF54,lMQe8
89WO6,ZFLhq,0FMta,XW2O2,iwH8x
DrN8x,jUeNi,o1xBY,0d5PN,25hrT
461EP,16axA,B63pb,HyuTY,XUFnI
ZQOGk,o9MjE,okUhp,h5hVk,lJ7cP
9BmJs,N4YdI,aweqC,CmeMy,mEE7U
8Ht0s,2ldFC,Gy6Xq,uKFN8,3XWOa
Rl4cp,bzXk7,AAVkJ,afUJa,zd56p
OCyhh,FWG7F,xjXrp,dKkdl,umTjG
W3Y27,kWWfm,w9Wqy,y5voD,wfzBy
cV6RH,0HIai,Oi93r,BWPZI,IhzY7
6Ik6x,Nh5tf,CebuE,8H0Cu,65Nsh
IyQAV,l0SCk,J2WEw,ail2w,g7jYY
P9wxD,1zylq,YhsB3,8xzQL,7c5x6
7svY8,OYn74,dDpNp,oCeco,8w0BF
0MUFL,5EOCD,APXBu,ELkJk,Tg1SJ
Uqu0m,6J4jv,xbO6h,Zyokk,bgE8y
JYnG5,sO2uX,LoBA4,XrKwK,qM79M
xnf1r,z8Bvb,0La6y,weaDK,w6g37
Kcen7,1oI5Q,vu8rq,gQz45,g2CRy
heGUn,POeZY,O26dG,Z938M,C7IIv
J6BhT,tlgxC,H1PBW,P3iU1,PNY4x
MqddT,R6rI2,WL1No,f8W9f,A37nk
0m00P,pQ22Z,6EG1z,hBqba,exnVW
nLRpK,WAH5t,01jJe,uu9hs,st58W
xSGfA,PJssR,KyKwT,7PbV1,rft9b
3e95N,dNJcF,xwI8c,HeaEm,Rrxpk
c2U6q,hO20v,gwFNL,U80jE,P4k10
kJ1Pt,gUyAp,iqDqI,lbvQl,Z5A1u
tKUKr,O2Gd5,3BV9I,kLsDN,QAzHJ
Xjbuf,vFctU,t1wul,AwXuI,P8Gpo
EJNqR,o0Yec,1rttH,RffyF,hUHzo
49x0b,HDdkw,7m875,NB07D,JmtRw
40hi7,95YLe,uNpdw,Ffp2W,ACGbj
VOA5g,Dwx6y,UcMgQ,LybrC,0sQgr
06HGp,rRQ7f,5gclx,K7BTt,ejRUz
wE8Qw,omcHO,NRsKd,qTDa4,aGKOU
nucLn,POPvD,b0WTr,bx6w2,kJeBk
LwyiU,5EPxx,wsFjP,Y7hSa,jUU0r
GvfEu,V2596,1O1gM,huDjA,EYGaw
XaHqe,TQt9c,TPiET,QOsI9,2teev
TpPZ3,UyCPD,SBi1H,CnSWo,tCJ7P
V1cgD,ME2gu,hfTrG,VPJZ8,AsWtu
SPqxj,KhfW2,0O86y,3RX49,Igr3e
qAf3v,7J63x,pumzR,NzIbu,rgGbe
Kry63,uhgSK,yfLkc,VbxGg,rRiIZ
vxLXg,emjKM,aCHep,xsiXW,KGphz
G4mbO,FxNGd,kSwuW,gSDxt,USWrh
mNkCX,c8bzY,Lp0xJ,ukBxE,NL89y
7UFcc,X2HHP,Gghxk,DOBVc,pir8Q
PWxKr,TXHEY,eHNy4,kWXHT,Up0aY
Bg0Ln,39DPS,TRi63,60zCN,mFKG6
KZnQu,G1UYF,PRcxm,f020r,Md3no
8HFEl,m6xMn,JpVvX,AOdtd,XkCXq
HRBL4,SpuzS,19XoM,9fBgi,2udGn
WS7lV,kj5uh,yjPSC,spbkI,JMPIo
Z5Y0h,sGuFK,trvlI,0Y7y7,MYRuK
DHuXk,bCQYq,my7L2,ee1F6,7lzcV
H2dWA,rAHOP,jG9ge,dlBnn,ozDcT
VOabw,Bts2J,DGKOr,211wA,fbERU
3dsgt,r2t1L,8HyAq,TJyA6,xPbZo
2EsS4,t9O2D,CO2Qh,yAHSY,b7m7T
zOho8,xwRTQ,BYTjU,qGw8J,fUVve
KeBQL,IPg5p,DD2Ty,21KuS,eCxWB
uD2X6,FQToi,A1CMs,TVAOx,ElYCf
HhD4x,36TmD,KxzK0,MuZQG,m8yZP
bPWOz,dbgRN,IauCn,6Bjmh,Xdwsm
1gtip,RKk3z,wdGF1,kHLTb,gcjHU
QAt8d,hvvzX,dqrjC,nfCtX,HGgVn
jvT2J,hfWJV,bAyBX,FgZq6,RaP8Q
SEbl8,XAYYb,76bIS,NIwfF,Awyjw
ku5fm,OTNQn,xZj2D,2CpU8,KyAL9
iBpxH,I0KB2,NOur8,mrqbG,yponU
pFa3S,MW06j,R4FzS,p1Acn,p7L2z
7J0gT,a4RaN,xhnNO,nj7wC,Mwys5
geKT1,sCABl,3kjSQ,WCT8l,1gxFi
0vMvs,KYphJ,Sd4Xa,jhZQa,9KhWc
08ybo,GhxDq,nytD6,rS8mO,LrEgB
bbCbO,DRGkQ,o9rRV,WYFe8,xa1Oh
eeTJh,Tatr6,4JCEf,J4tmX,iF5Ed
P0wr2,x7xqc,Semul,DtI1n,tSRuC
IUcPL,G7v1D,5Rh8o,At3on,dCCBI
5nx0r,0BSwW,vfXHB,Uv0d4,OzTLu
t4eIm,VotvE,WYCp3,FNqd0,ucQJw
KGnGM,SheCH,XWGKn,RjSN6,d5Chk
dxpW6,pvdyW,a2ENJ,Rtsou,GmgUr
JjH75,kFSMo,lRstJ,BeStw,M4O1G
V5ar2,mG5K9,4Osix,UWXNs,7QUeK
c4e8u,PCSm3,9k5AW,FesOn,HLryo
q8U9M,6JUmS,TVeJx,LLXbX,EqvoR
sSxJt,AS7wy,fx0kF,hy7NU,4WcTv
FG6Zz,ybyu1,a9Pud,F7OTj,v7ZkF
XjwRa,wPVIB,PIjpe,UVhyo,gC1Td
fimTs,XOwG9,mBuTl,EXWq6,D1Xk8
dWIa6,pns4N,rupmK,zAh5m,zkYzg
66sDt,WzInu,zlBdO,wi9FK,OWoQf
pwfvA,5ezvM,61m5M,Zozk9,w6B91
vfVUG,zpCSe,iYXqk,byRS1,lHxcl
OazAr,l4kL2,pLirk,4GJ3f,Cvi5c
7TdqM,ILfwC,ZWTNW,8Alb2,CxjQB
xzbPd,5wbzB,xa6CU,wCN1K,RsIof
XS8bc,n2u7G,p0R10,iCIDM,m6ysb
JLRhF,1WiMN,AlXe2,Goo9H,BjM7e
fuXai,8GDnY,rGEKh,8rvKr,zh0Ui
Gi1zl,mIxTO,GGXM1,OYUdO,4Yixw
PWxNZ,g9d8Y,tcNVM,op5Ex,6SmRB
0BWFb,sHH7G,Lxwx0,FWOaw,x9Kx2
9ieII,4IxL5,PmJd3,wf7p5,uKQCZ
1X8l4,V0s8U,cnWOv,Ce4yR,VKgep
TBr1d,kMQqG,sgiVl,SDHkw,t5s9y
QUFIK,I43HI,jwIkT,DGwjs,xdbOK
kYh7T,l95Uf,n7K3n,9SA4M,ryPQT
0Fcvj,HHMRD,LjyR9,Ttqhs,5q1zG
IiPpS,Ohyui,fXOS2,SQFgY,fV1vf
jBxGV,rZ2jo,d3829,Dkjyf,Ic6Ra
k1lGR,T9Ux5,qHZVB,gxK3J,jhFGf
eHrw6,Acqqr,UoapP,ByvOt,Ge7zR
CPSfG,zv5dk,PZrAR,K7oUv,hSLMT
44PyX,RG01N,3WLtx,tDmqM,NFnRs
NfJyp,hYTPB,U2LTY,ZnseN,d6hz2
baccK,9PDx9,YCXDW,bMhpw,hEM8T
5kSI0,ii323,OZdpn,bvJC4,8t4Ki
eMwh2,TcM24,ZsDQG,0VM8f,jSlyq
MDuih,IVZib,lL7zC,UOEpb,vFiWX
ufuOS,sCFTW,0PJW7,RoUEI,cZlNq
fO5m6,fDY8N,tiydq,xfRHh,zV8gZ
OdBLe,gE4Ey,H5AKf,RkVsI,D4EMR
Bc7zD,YUtCX,6HM1D,0wDkY,JDuBM
vZQDx,a5Exe,qzQTl,2f4Fb,MAT5l
rbXIJ,wFaxq,fKEUz,AhPFp,IUbo3
5j4oT,hD5sf,AmSvB,qqwj1,1CDCn
v6MpT,Uppzh,iBjVI,vygcz,jLZOM
jsuDN,UeDG4,2utbb,E1OR8,cuBYX
GKEPp,UZs9E,qg0ZV,0oLxO,X2h1C
r4xK3,YBYUV,L7zSm,mGviT,NGKvw
viYyZ,J18P8,qmUU3,FUK6R,QANUX
Y7bGd,brCp4,paxPQ,xRtHX,LOr3Q
2Pghy,cLO2a,ouslQ,n1rga,P4FgQ
TYGqx,gUYze,BTtxA,5NEDC,7bama
yr1wT,XQrDN,NWdoW,0qmCD,eKeB4
FUXwP,exaHV,Zfhhj,Tciqh,Fdl9Y
AN6bF,Ixs3D,3i4ty,1jXJz,iv94C
A3CO2,Ymdl5,uMquC,7YeDS,BtQTy
7fFQj,im6VS,kDwrK,GWZLp,g5JTX
5qXRk,vrfqr,GuXOw,dW6pA,LZRWK
CdM31,J46Tf,HTdNE,9D08A,JQuSY
122OH,MPmgL,o6fve,Ymqa3,3AwUZ
jMbmy,31zNd,JhZbO,Xgafa,8eJAz
9rmyJ,Dzz5q,WKjJi,Va8Q3,5ZCAm
Mm6II,NRDSl,AHQlH,ypGCO,aLb5A
t19nD,kQXnK,KXris,1r6yS,6EA1M
xO5Eu,BpS1p,HfssJ,aND67,TdkeL
X8mxQ,mJI0J,FnHMm,Zg3Qg,ZZrZS
UIYrE,7pVcV,LMfWb,Nlobf,MBhMd
zcVeX,wSV7f,IXAkV,og4VX,6xHhc
P6cqZ,tFens,bVd7m,Wrqrr,ArBBG
3Hopr,KhrWZ,ZFmWK,OquVJ,7aTMG
O0fHZ,fjwVV,dXTBp,9tpEf,2WByr
umfBw,tQ3F9,DcDPO,zwa5M,ZiTvp
lQ34y,Lzpqd,NYkmQ,9POsD,NDvZG
a2gt9,HNpdW,2Z04z,eegJ1,Cu9gy
xeLXc,PgBQi,XGLj9,3n5Fp,XpG1X
kyxMd,6C4yV,0Bsth,Brg1w,Om8zC
o0Baz,HcrsB,STzvz,bJ5CF,do8Tn
Uz4d4,ywEqW,OhFaC,pULjj,p2cPp
PxEgs,B8Je3,V3Y33,KyZzB,eCC1g
xHliw,4E7Yp,qgFUs,5dJJc,0WrnV
XWED0,Amrju,umPaC,89y32,n0OfE
cc5gh,af0hs,LPNyn,IYFQ1,MkmID
Z58Yz,ePhj3,DXI1F,EIdcB,4wmB4
DPI8X,CfESA,Pb3Am,A0QiT,I3rzA
yHCtj,EwXiE,KpySV,C5DZ2,iBz4y
tOSv3,VXdOD,02inG,JVKms,qFXGP
kZ1gf,Xw5xr,6uIIW,eDkti,t03aq
N7Guk,LaQer,IxQJl,K19g6,KuuHA
5mCvI,2E1m8,NTPVY,77rga,DU69a
zRww3,yrpii,IJpQW,cD8ns,2ySME
lMRZN,dqoUr,kAmNG,PJiTf,qRQGH
O4s92,9Hfa9,KNFdr,8UqeC,U5Bte
C7Mu3,mpMmc,yTx5i,pSAFC,YWxbY
sbYNU,YURPm,618XM,en5Lf,G9WWr
kAQVg,5YAEl,wvkKd,voLQO,U44UG
PQmxK,StV57,Mno6T,ulvkV,douhT
f6bjX,z6m59,ZTjb5,oV1sC,35VH8
hZEho,ctyaf,6GIbQ,3aguQ,NE1NA
ZH05o,ur9A2,X2E7a,wLV6f,JAakZ
fwjlS,m8Ioy,wtH3T,2FTx1,bn90z
AjPQi,BR3SY,5pwjc,awaZn,N2SLu
jseNr,pwSmM,6tp4S,Ax9WE,cLGcT
V5wAW,xv8u3,8F8lm,TV6tT,MEjP7
0pzTw,n0OY0,o7fVn,61SlN,uatTc
zVLvR,VN9LC,uJUHW,LSjz7,hEZ8X
0JH8i,yHj4O,oGt9C,OJY3D,tAyEK
u5yYf,ChAet,HKwWj,D0ocm,oPgWb
pgG87,J4tk8,Qhxu7,MX4e0,fHshY
je3Dz,jT8Gz,VB3ZP,R3N7O,RqA0k
4SDiM,jsFL7,Hq2bi,Kk5C0,FGy0x
CROOO,AHn2U,8nKmG,AhPon,nSJS4
s5cwc,vUIXp,YWEAg,vVqiB,TbShB
IM5QU,r3uZP,T7169,icHbD,5u79B
SC4Zh,yu0Rx,P63Sj,zJ5ze,n30Df
RPjdE,N2bBy,ayDS2,5Wz6X,VIQKD
gouUY,7lidn,dylXz,b8LJi,olPId
2BNpm,SCqCM,X4rYz,Skcj2,7KxpY
ZZ9Y0,WTyGw,QzA0I,UCi4m,HCPah
AXTZY,JJUxM,gK8sM,9LC7k,aFgFT
SJowp,GC6cz,ssO9l,uxrrl,r6cry
oP9M7,k7YLy,F3Vbe,u3S8e,0G9KR
H9DAF,G7ATw,V9zfE,dLWo0,bXCdY
aubXq,LBk2F,VOTWZ,lHn9q,1iW3h
H5O1y,JR3dr,XriGs,jBu8P,AX3zM
YBWn1,C1Lv5,I9VsW,6iRvo,QEOgD
tu0r6,iX5Ti,aJLZx,NddzX,C7y0n
ope6c,CFef4,PKzek,2t953,ojn6T
gtB9N,AlQce,qvzR5,DDkaz,E5YF1
Jgt9m,SmNBW,gDliq,cWx7h,oFqzc
eQbdn,X45T1,ljhUv,C6sTP,5JjvJ
pusj2,pyGfv,T6LAo,0Q8ak,DkTpn
BzSbw,Y3zqm,8KriW,JKg29,GLKUM
UZYwv,8ciFf,r3cbr,GA75n,1EkMx
vxYR8,Aa8Gq,Tomp2,YGDgJ,9pNN5
m8Yv0,nMcCV,SJGKy,4bW7d,Cc8Pv
1MWIF,ihymZ,lKV3S,5kek9,kzlI3
Bg67t,i2lu5,45tpD,PzPi3,5KpUV
93s0Z,Zi1dB,cKWJp,n2auc,2HUTJ
v9iF8,829n8,lDX41,ghdHQ,gun9S
ZS6H0,jMZYq,qebdy,MDhNb,l944U
r2Zl3,5dgcl,l02gz,WbgJK,h41fM
kJHkx,UNec8,RbvWy,5yUGX,BT192
DoDWZ,uNZ59,1HODW,QqO0W,cxN1l
Xp0Iq,wzMmK,UwH08,fGwAL,IrBkT
ZBzxq,wONM0,25BWd,h2V7j,JlcRc
K4pkY,Tvb9z,WXTvm,y89qo,PqlKH
ui6Dz,WTxYY,PMAoy,LQEHD,vz4Rs
FS1rC,p7bzU,ekzbJ,t8R8T,vkKtn
bu0dx,ypsn3,ZfYWX,MFcHB,qqOVj
8VtmB,lG3lh,J6amt,jMzi5,ciLxc
Wn4gE,ZCRwD,TDyhV,efRVc,MlZsx
7xrqg,PHiHi,SWsic,xLB1r,J8QeX
TxJu0,CGOQD,9eGDX,kgkW3,AkfQH
aj4fQ,35Xen,9j8Va,5YjNa,icEmW
vXMF4,ECsr9,audCx,vHTOI,5AMEP
IL3vy,1ijBG,yjwjE,8OfOb,jCM1f
8Pbgf,V6Srn,pzMTv,LNceb,8IleO
Uaod2,d2BwD,8d5QQ,tbT1N,59ONb
QxwLR,Jwb9Z,ykdZb,GNrrB,hwxUQ
TT7uQ,fJqNB,OGDRM,QAqDL,2vGvC
EhY7E,wtq9k,c6juM,SrGqr,SV2ak
71VVG,YRxps,Snrrf,Av7dP,s7ehd
5tYjW,SGyJz,6YM54,t6KUq,Sq9Ut
8VLjc,PEl8a,PLaKX,HibH7,NzEhS
APJ5P,UfSV3,zErp0,QfTYc,VgIiX
7Peg3,RXBLR,4dP1v,FYrna,OlPTr
WlrCs,qrpdN,k8DYx,NIj4c,yjuNr
W4odp,anF0Y,8uzRn,fBfLy,e1URf
6cqAv,LR3bO,2gx6B,1Gnw3,0zD11
7k1hU,HitMC,P6YWS,tv5O9,abfGo
MaGsj,2K2FL,Ez3og,KpoY1,zTgEX
VONum,Y16uN,Jpu0s,tsiWj,89I74
3QoTG,0sJV9,1iBgK,vaKT0,w0Kn4
CNtiY,YPkIF,Ies36,s1eJC,Z2D3A
XjfRl,OWIaL,t4qdX,parLp,0QoUI
UimLJ,Zc9dx,eel2C,Vs0zY,F1f4A
WbAqO,nbynO,Tir1x,3C1j2,Nehcb
TK0ge,RbB4d,IJbS0,KJFLj,HmJah
RSwIA,Uea1Y,EL8yb,TiMCO,5pDVQ
dTumF,tmsDS,vyuZf,kckhF,15ZwS
AC8vp,RRBBQ,zkKpB,Pffov,6d3ww
n59KD,HXhOs,HXvYq,xj9GN,sB5TI
uVVk2,3lQDz,x96EO,qY493,BIDgI
qziYY,wfvYf,qHzFO,2kQJX,g3aQy
IskOE,fP8uv,TI23F,8ZZHH,4KyFa
